{
  "epoch": 1,
  "training_loss": 0.18834913783101384,
  "validation_loss": 0.12243589743589742,
  "timestamp": "2025-10-06T10:17:56.832296",
  "training_progress": 0.5
}