{
  "epoch": 2,
  "training_loss": 0.18834913783101384,
  "validation_loss": 0.12243589743589742,
  "timestamp": "2025-10-06T10:17:58.292739",
  "training_progress": 1.0
}